timestamp;router_ping;reference_ping
1657205553,1620421;7,318;34,655
1657205553,252662;3,543;42,272
1657205553,305612;4,685;38,298
1657205553,358766;11,052;34,495
1657205553,4191191;3,464;37,748
1657205553,479212;34,787;53,567
1657205553,587931;4,873;34,953
1657205553,647153;3,27;37,115
1657205553,706987;4,171;34,821
1657205553,76292;12,268;55,751
1657205553,8513432;3,902;45,981
1657205553,921705;3,651;46,104
1657205553,9915898;5,154;34,761
1657205554,052202;13,827;69,127
1657205554,15562;31,35;40,964
1657205554,249741;3,832;35,097
1657205554,308257;3,668;34,53
1657205554,3674839;3,384;63,261
1657205554,454315;3,333;36,327
1657205554,515108;3,834;36,094
1657205554,5741792;3,987;39,067
1657205554,6377852;4,789;50,009
1657205554,719805;3,579;35,377
1657205554,778375;3,509;39,47
1657205554,8421419;3,034;47,478
1657205554,9132721;5,236;35,218
1657205554,974942;34,71;36,152
1657205555,0672681;4,965;35,037
1657205555,127819;4,919;35,275
1657205555,1867352;3,862;41,268
1657205555,253236;4,126;47,254
1657205555,324327;6,041;35,798
1657205555,382905;4,793;36,089
1657205555,4446778;23,512;37,24
1657205555,527767;5,129;384,544
1657205555,939043;8,532;34,385
1657205556,003128;2,917;43,236
1657205556,069738;4,338;50,753
1657205567,169156;22,782;36,252
1657205567,251761;5,775;74,015
1657205567,3585129;9,938;44,003
1657205567,44062;11,284;53,8
1657205567,526742;4,665;35,606
1657205567,5866618;25,181;48,471
1657205567,680541;21,404;35,247
1657205567,756202;3,317;48,042
1657205567,8258638;3,684;87,176
1657205567,940309;19,044;39,297
1657205568,0196521;6,943;34,547
1657205568,079913;8,35;48,142
1657205568,154507;10,394;93,919
1657205568,277788;3,598;35,77
1657205568,389036;3,789;36,428
1657205568,446187;6,653;45,114
1657205568,52033;107,893;47,866
1657205568,7009542;4,605;43,745
1657205568,765001;10,84;139,728
1657205568,939188;7,05;41,481
1657205569,003788;3,415;40,561
1657205569,07133;3,491;59,713
1657205569,152173;4,854;35,574
1657205569,211083;3,784;51,29
1657205569,285098;14,851;36,015
1657205569,354401;4,579;42,686
1657205569,4207098;3,777;42,302
1657205569,486905;3,935;44,96
1657205569,556984;5,087;35,044
1657205569,619936;3,408;75,18
1657205569,720597;4,429;46,817
1657205569,794013;4,144;45,055
1657205569,865118;5,807;35,921
1657205569,930702;3,982;63,622
1657205570,018649;7,684;42,692
1657205570,088945;3,729;34,975
1657205570,1445382;4,362;35,827
1657205570,2073731;8,631;86,816
1657205570,3239481;3,995;35,905
1657205570,378002;3,844;34,953
1657205570,4396029;3,16;45,083
1657205570,510892;4,003;47,283
1657205570,580661;42,662;39,838
1657205570,6828108;17,749;40,839
1657205570,762501;23,686;129,964
1657205570,9372108;14,088;36,905
1657205571,009996;12,417;45,684
1657205571,088059;22,175;95,578
1657205571,232587;26,484;39,554
1657205571,3194602;24,387;62,425
1657205571,425461;26,42;50,119
1657205571,522866;25,893;56,95
1657205571,629122;13,668;72,581
1657205571,734068;16,906;71,812
1657205571,842497;23,211;55,29
1657205571,942635;12,034;44,535
1657205572,0206752;26,357;52,396
1657205572,120447;25,285;52,619
1657205572,2229068;58,551;58,585
1657205572,359154;123,349;132,638
1657205572,6300569;31,406;129,363
1657205572,807557;23,983;228,924
1657205573,082089;314,739;315,558
1657205573,736386;364,477;468,937
1657205574,590642;364,278;255,445
1657205575,2322402;220,141;988,887
1657205576,465465;970,959;123,605
1657205577,594802;266,05;1233,779
1657205579,11317;1008,634;831,518
1657205580,9754171;892,159;870,626
1657205582,753747;964,326;591,766
1657205584,348984;324,848;485,424
1657205585,181031;1709,117;675,987
1657205587,589211;757,154;855,262
1657205589,223074;1367,651;806,788
1657205591,421442;540,842;483,893
1657205592,467365;22,52;42,182
1657205592,551573;8,197;52,594
1657205592,633406;9,324;33,783
1657205592,695907;16,782;38,596
1657205592,770974;2,983;61,065
1657205592,851686;3,19;38,396
1657205592,909235;4,683;34,628
1657205592,964586;3,626;33,891
1657205593,0170329;3,545;42,856
1657205593,083049;29,831;34,421
1657205593,1695879;5,514;34,807
1657205593,231585;3,925;37,703
1657205593,295273;19,199;34,208
1657205593,370931;2,746;58,549
1657205593,452727;3,556;45,951
1657205593,521479;7,221;33,844
1657205593,583037;6,044;51,569
1657205593,661083;3,634;36,077
1657205593,7206259;4,358;37,044
1657205593,7838268;6,006;44,497
1657205593,8562932;14,811;35,522
1657205593,928627;3,829;34,554
1657205593,987906;38,914;34,63
1657205594,085952;2,867;34,148
1657205594,144456;3,562;34,598
1657205594,203336;3,408;45,167
1657205594,271335;3,473;61,566
1657205594,353292;3,496;34,088
1657205594,4103649;2,982;40,037
1657205594,476064;7,599;39,964
1657205594,544279;3,813;37,658
1657205594,6065888;5,185;54,077
1657205594,6863182;2,686;37,388
1657205594,748406;8,028;34,185
1657205594,811275;2,827;34,777
1657205594,869872;3,44;61,86
1657205594,955673;6,403;35,021
1657205595,016026;3,473;36,132
1657205595,0734751;4,055;33,511
1657205595,125062;11,894;36,816
1657205595,1884532;25,589;34,236
1657205595,2658172;3,431;34,586
1657205595,3250508;3,519;36,905
1657205595,388353;3,658;40,0
1657205595,447974;9,567;36,501
1657205595,515407;3,532;34,771
1657205595,5741172;2,996;34,727
1657205595,632245;3,572;47,754
1657205595,703273;8,839;37,618
1657205595,771091;42,822;35,782
1657205595,885503;3,499;34,748
1657205595,938432;3,487;36,98
1657205595,996106;2,103;35,197
1657205596,050257;6,638;36,562
1657205596,113804;2,965;43,2
1657205596,180941;4,583;34,745
1657205596,234602;3,271;33,875
1657205596,2879722;7,037;34,421
1657205596,34755;3,707;37,159
1657205596,405495;7,534;38,576
1657205596,469768;10,375;35,056
1657205596,540339;3,689;34,141
1657205596,599721;5,375;37,24
1657205596,6572318;4,22;71,825
1657205596,753689;5,145;36,283
1657205596,815083;3,916;34,455
1657205596,873836;4,517;35,586
1657205596,929624;3,453;44,409
1657205596,997194;14,325;35,348
1657206136,832541;12,035;35,243
1657206136,9350688;16,029;40,808
1657206136,9999518;3,296;36,731
1657206137,052684;9,213;35,244
1657206137,113107;3,584;35,147
1657206137,170332;3,588;35,242
1657206137,2277539;22,695;36,553
1657206137,301455;3,451;39,771
1657206137,36006;5,304;35,655
1657206137,417164;3,568;35,639
1657206137,476542;3,592;35,717
1657206137,5299442;18,017;35,676
1657206137,603188;3,722;37,291
1657206137,669774;5,819;35,801
1657206137,7320151;4,399;35,339
1657206137,790436;4,784;36,759
1657206137,8534558;3,856;45,044
1657206137,920371;3,612;37,448
1657206137,9752388;4,15;35,438
1657206138,032821;3,511;35,343
1657206138,0929348;6,251;35,509
1657206138,156811;4,848;43,612
1657206138,2272918;3,421;35,491
1657206138,282759;4,217;35,251
1657206138,3417861;3,554;35,953
1657206138,401272;4,582;62,295
1657206138,488461;5,356;38,254
1657206138,549492;3,995;37,841
1657206138,6109598;3,482;35,461
1657206138,6691148;3,669;35,552
1657206138,72803;19,704;38,179
1657206138,808584;4,915;35,151
1657206138,8719308;3,97;35,137
1657206138,9320178;3,508;35,996
1657206138,9876292;3,726;35,316
1657206139,045186;3,526;35,492
1657206139,0992901;7,177;35,146
1657206139,157537;4,523;35,747
1657206139,218774;4,111;35,846
1657206139,282788;4,135;35,39
1657206139,343641;3,704;35,389
1657206139,408687;4,247;34,917
1657206139,46302;8,629;35,381
1657206139,522923;6,927;35,784
1657206139,591657;3,586;44,473
1657206139,661176;3,844;68,978
1657206139,7563589;3,144;34,502
1657206139,819134;5,413;39,123
1657206139,8849359;3,302;34,471
1657206139,948514;2,004;35,283
1657206140,009226;3,602;42,644
1657206140,07614;13,899;35,657
1657206140,1480708;8,26;34,564
1657206140,211972;2,893;43,359
1657206140,2748768;16,745;38,381
1657206140,3454232;5,102;34,999
1657206140,399369;3,01;34,621
1657206140,457281;3,862;34,746
1657206140,5110242;3,188;35,23
1657206140,573955;25,643;38,668
1657206140,6639302;3,512;34,806
1657206140,726068;6,824;35,144
1657206140,787446;3,255;34,48
1657206140,841629;8,643;40,159
1657206140,909045;3,693;35,423
1657206140,970838;3,247;34,454
1657206141,022857;2,968;34,726
1657206141,080479;3,265;34,883
1657206141,13858;3,276;36,634
1657206141,1920152;13,655;35,035
1657206141,254335;3,138;35,2
1657206141,309057;4,059;37,795
1657206141,370062;3,632;35,061
1657206141,427509;3,354;37,145
1657206141,485474;19,12;35,981
1657206141,56215;4,457;41,045
1657206141,628928;3,64;54,118
1657206141,706718;16,569;35,413
1657206141,780703;22,254;35,232
1657206141,85571;3,478;35,323
1657206141,9140182;3,376;34,995
1657206141,967247;6,489;34,842
1657206142,021319;3,116;35,101
1657206142,0766022;24,961;35,546
1657206142,156919;3,871;38,236
1657206142,217403;3,968;35,527
1657206142,2765708;6,651;36,428
1657206142,341962;3,824;35,427
1657206142,401311;3,845;34,879
1657206142,4612238;3,451;40,612
1657206142,524159;3,683;35,143
1657206142,585862;3,898;36,511
1657206142,662744;4,459;58,814
1657206142,743222;3,782;34,931
1657206142,800114;3,484;34,902
1657206142,860548;3,358;36,155
1657206142,922076;3,47;35,512
1657206142,983531;18,021;43,059
1657206143,067298;3,257;34,875
1657206143,1196501;3,355;34,527
1657206143,17203;3,065;34,549
1657206143,228435;3,233;34,783
1657206143,278799;36,244;36,652
1657206143,364772;4,324;35,528
1657206143,418883;3,904;34,647
1657206143,471978;3,211;35,791
1657206143,52602;7,702;35,364
1657206143,583461;34,774;36,208
1657206143,669023;4,344;37,715
1657206143,729898;14,045;35,132
1657206143,8041222;3,207;35,23
1657206143,853888;3,219;35,54
1657206143,903975;7,312;37,763
1657206143,961023;3,219;34,564
1657206144,01092;2,194;34,559
1657206144,060585;3,397;38,128
1657206144,1182961;8,496;34,505
1657206144,1781912;28,083;34,621
1657206144,252529;3,319;37,304
1657206144,308904;3,569;36,702
1657206144,3605518;3,803;35,591
1657206144,418205;3,905;37,036
1657206144,475631;28,794;34,539
1657206144,5561018;3,724;35,207
1657206144,615007;3,495;36,957
1657206144,6743538;4,08;35,175
1657206144,7373922;7,158;34,731
1657206144,800885;4,504;34,823
1657206144,86163;3,247;35,308
1657206144,958733;5,644;34,531
1657206145,0199978;3,55;48,539
1657206145,093007;7,71;36,608
1657206145,157999;3,47;34,668
1657206145,215626;3,43;34,76
1657206145,274344;3,44;35,499
1657206145,3337998;3,604;36,736
1657206145,395562;5,252;35,675
1657206145,4565;3,663;35,231
1657206145,515976;3,595;35,241
1657206145,574717;3,451;35,218
1657206145,631906;3,456;37,157
1657206145,6935601;4,215;35,563
1657206145,751761;3,621;35,634
1657206145,808977;3,931;41,385
1657206145,8735921;3,415;38,763
1657206145,930169;3,379;36,401
1657206145,993809;8,739;34,839
1657206146,061346;4,971;35,029
1657206146,1225548;3,758;37,761
1657206146,183372;3,707;35,463
1657206146,236309;3,277;35,593
1657206146,295646;6,569;34,981
1657206146,355202;3,403;34,683
1657206146,404726;2,862;35,527
1657206146,4554172;3,922;35,948
1657206146,511137;3,819;35,404
1657206146,5641541;3,779;61,942
1657206146,645767;3,781;38,559
1657206146,711515;3,907;35,435
1657206146,775254;7,273;36,511
1657206146,841959;4,283;35,904
1657206146,902171;6,048;35,552
1657206146,960245;4,333;35,307
1657206147,02068;3,301;35,473
1657206147,0772831;4,386;36,245
1657206147,1324852;3,869;36,509
1657206147,193231;10,439;34,827
1657206147,260515;3,459;34,77
1657206147,3195;3,548;35,94
1657206147,376103;3,346;38,27
1657206147,440233;3,944;36,402
1657206147,500837;3,877;39,521
1657206147,565417;4,503;35,129
1657206147,619314;3,882;35,299
1657206147,6718988;4,113;37,252
1657206147,725984;3,97;38,358
1657206147,786558;22,834;36,17
1657206147,866611;4,701;36,561
1657206147,9297469;3,849;35,188
1657206147,989536;3,151;35,001
1657206148,044447;2,391;35,028
1657206148,1004841;4,254;44,057
1657206148,1701949;3,312;41,802
1657206148,230137;3,957;36,674
1657206148,2885811;4,604;36,493
1657206148,3545458;3,392;62,777
1657206148,442562;3,589;35,603
1657206148,497421;3,678;36,225
1657206148,553955;2,796;36,049
1657206148,609097;3,807;40,637
1657206148,669184;6,882;53,195
1657206148,743635;14,556;37,04
1657206148,8109891;6,325;55,406
1657206148,888351;4,009;35,462
1657206148,948789;3,811;35,325
1657206149,006572;3,314;39,922
1657206149,072762;28,296;35,226
1657206149,160814;4,169;35,313
1657206149,220812;3,415;35,697
1657206149,2765539;3,123;43,783
1657206149,346839;5,342;53,465
1657206149,4261692;3,625;38,36
1657206149,4895492;3,619;35,145
1657206149,543124;16,84;41,661
1657206149,61657;3,145;35,231
1657206149,675055;120,718;35,188
1657206149,8523688;20,679;35,78
1657206149,931504;4,246;36,664
1657206149,994171;10,416;36,154
1657206150,058534;6,453;36,44
1657206150,1220531;3,51;35,971
1657206150,177612;8,595;35,265
1657206150,238228;3,098;34,895
1657206150,293752;9,298;36,796
1657206150,362437;9,598;34,832
1657206150,423542;3,0;38,152
1657206150,479593;4,008;36,443
1657206150,537169;3,182;35,893
1657206150,590977;3,021;34,477
1657206150,640574;4,401;45,737
1657206150,7088552;3,726;36,455
1657206150,765232;8,506;37,064
1657206150,832841;9,086;36,938
1657206150,8983848;8,882;34,692
1657206150,960753;3,271;43,353
1657206151,018906;5,944;35,927
1657206151,07256;3,633;36,847
1657206151,13151;3,236;36,492
1657206151,184393;14,153;35,17
1657206151,255761;2,094;36,502
1657206151,305741;4,21;35,294
1657206151,357792;3,908;36,682
1657206151,409647;4,336;36,032
1657206151,4610271;3,76;35,759
1657206151,511942;3,711;34,849
1657206151,565674;5,124;34,699
1657206151,617113;4,506;34,967
1657206151,6701992;3,413;34,632
1657206151,724993;2,885;35,682
1657206151,777834;27,186;40,982
1657206151,8659961;3,355;35,195
1657206151,918231;4,29;35,193
1657206151,973158;5,492;35,515
1657206152,027297;4,574;34,852
1657206152,079367;34,756;35,478
1657206152,162634;3,18;35,13
1657206152,21401;3,86;36,148
1657206152,274526;3,778;34,708
1657206152,332025;2,896;35,299
1657206152,390187;14,716;36,799
1657206152,460523;3,469;35,331
1657206152,5199811;2,24;35,287
1657206152,573897;4,356;42,346
1657206152,632193;3,132;40,428
1657206152,6892989;19,189;40,442
1657206152,764859;3,441;34,914
1657206152,817317;2,598;36,479
1657206152,87219;4,416;34,947
1657206152,9230568;15,213;37,273
1657206152,9894102;15,021;37,209
1657206153,0597172;2,745;35,31
1657206153,1181922;9,447;35,314
1657206153,1828532;4,273;35,149
1657206153,2364721;4,324;35,742
1657206153,28963;17,252;34,83
1657206153,3609412;2,516;34,232
1657206153,408898;3,918;34,737
1657206153,46471;2,061;35,875
1657206153,513319;3,065;34,799
1657206153,563172;4,846;64,473
1657206153,64362;10,611;36,969
1657206153,702367;5,149;35,469
1657206153,754636;4,412;36,344
1657206153,8079948;11,277;35,09
1657206153,870483;2,188;63,919
1657206153,9490821;9,784;34,771
1657206154,00718;2,77;91,691
1657206154,115047;12,293;78,645
1657206154,21941;13,724;53,815
1657206154,299948;2,134;45,158
1657206154,36341;69,009;114,97
1657206154,564302;38,829;84,997
1657206154,7015731;55,908;75,241
1657206154,847856;3,036;194,954
1657206155,057875;68,933;91,628
1657206155,2340639;30,936;97,01
1657206155,375068;47,84;51,875
1657206155,491078;132,125;94,98
1657206155,73266;31,597;43,456
1657206155,8231082;2,393;33,642
1657206155,9225879;3,366;34,389
1657206155,978063;33,044;46,002
1657206156,074309;3,223;44,793
1657206156,1461592;10,598;95,207
1657206156,276088;60,927;257,844
1657206156,604725;46,605;44,034
1657206156,7111511;25,08;40,676
1657206156,7980108;4,506;35,984
1657206156,853142;2,995;52,492
1657206156,9223502;18,827;60,183
1657206157,012216;33,554;50,226
1657206157,108116;5,573;105,759
1657206157,230292;11,176;168,066
1657206157,421103;37,444;127,747
1657206157,598988;29,995;89,337
1657206157,7363079;55,66;108,494
1657206157,91199;24,878;46,272
1657206157,994248;4,538;44,584
1657206158,053788;65,646;54,488
1657206158,1860402;12,48;61,892
1657206158,269875;7,41;35,21
1657206158,3231459;3,075;60,813
1657206158,402255;3,807;35,278
1657206158,456418;8,36;37,874
1657206158,5194812;3,36;35,137
1657206158,576156;7,647;35,308
1657206158,637825;3,242;35,755
1657206158,6938791;11,488;53,867
1657206158,7786298;26,301;35,451
1657206158,859759;8,682;35,012
1657206158,917693;3,209;35,204
1657206158,975384;3,494;34,969
1657206159,030256;3,32;34,343
1657206159,084883;21,834;36,568
1657206159,1561248;3,264;36,14
1657206159,20687;3,534;35,309
1657206159,255821;3,849;35,645
1657206159,306769;3,213;35,42
1657206159,356833;3,437;34,964
1657206159,4072058;2,927;34,826
1657206159,45556;9,958;42,055
1657206159,523919;3,716;35,722
1657206159,579995;13,126;35,04
1657206159,641221;4,984;37,978
1657206159,696171;12,081;35,197
1657206159,7556758;3,385;35,341
1657206159,8058722;7,617;34,902
1657206159,860918;3,316;35,667
1657206159,9143932;3,019;35,554
1657206159,965711;3,497;61,118
1657206160,044926;3,873;43,235
1657206160,107559;3,211;35,648
1657206160,1594298;3,162;46,188
1657206160,2225862;6,347;35,174
1657206160,2802591;14,867;37,169
1657206160,346826;3,244;34,954
1657206160,405638;3,684;35,066
1657206160,456458;3,232;35,349
1657206160,506497;7,168;35,021
1657206160,560351;12,879;65,256
1657206160,649426;3,613;35,229
1657206160,707275;6,439;35,683
1657206160,7641048;3,517;44,526
1657206160,8266711;4,253;72,973
1657206160,945513;3,353;35,073
1657206161,000927;3,13;36,667
1657206161,061289;3,275;35,257
1657206161,114384;8,688;35,125
1657206161,17176;3,228;57,363
1657206161,24648;3,349;34,998
1657206161,3061728;3,266;35,154
1657206161,358475;3,659;36,035
1657206161,413065;31,085;35,33
1657206161,4967868;9,888;35,848
1657206161,5585868;3,277;35,251
1657206161,61092;5,115;37,8
1657206161,673936;3,433;34,95
1657206161,7266948;3,485;36,14
1657206161,787222;20,272;38,623
1657206161,866401;3,692;35,606
1657206161,919837;3,587;36,123
1657206161,971885;3,538;35,835
1657206162,024791;3,383;42,677
1657206162,090157;16,031;35,211
1657206162,160251;5,452;44,859
1657206162,228422;3,564;38,085
1657206162,288765;3,511;42,96
1657206162,358523;3,289;37,694
1657206162,416863;3,929;35,268
1657206162,476393;3,375;35,406
1657206162,5332239;3,37;42,275
1657206162,595798;3,784;35,316
1657206162,661001;3,715;61,735
1657206162,745137;3,783;36,141
1657206162,800108;3,617;35,202
1657206162,85803;5,353;36,84
1657206162,9177139;3,794;37,745
1657206162,976162;30,076;41,809
1657206163,064492;2,613;34,913
1657206163,12033;3,229;34,574
1657206163,1771991;3,31;35,087
1657206163,2361972;3,322;34,986
1657206163,295477;11,779;62,085
1657206163,3860211;9,777;34,981
1657206163,4477482;3,579;44,913
1657206163,509974;4,184;35,224
1657206163,567719;4,064;52,553
1657206163,646017;3,566;35,631
1657206163,705099;3,809;35,104
1657206163,76207;4,045;36,156
1657206163,817869;3,863;34,675
1657206163,878932;27,516;38,566
1657206163,9627142;3,728;35,14
1657206164,015462;3,558;39,017
1657206164,079165;10,41;35,968
1657206164,1468108;4,295;34,723
1657206164,205291;3,992;34,655
1657206164,302231;4,593;35,168
1657206164,4254808;4,427;66,672
1657206164,553191;9,446;34,907
1657206164,690277;3,314;40,389
1657206164,745208;6,392;35,747
1657206164,803519;8,86;34,819
1657206164,858782;3,746;37,483
1657206164,917147;3,667;37,299
1657206164,968668;3,145;35,572
1657206165,019647;3,535;35,974
1657206165,0718331;5,156;53,697
1657206165,145625;3,435;34,111
1657206165,196539;3,182;48,038
1657206165,264242;3,76;34,67
1657206165,317916;13,715;36,927
1657206165,382762;25,024;40,035
1657206165,462944;3,096;35,194
1657206165,519955;13,557;37,295
1657206165,583839;4,355;35,231
1657206165,641834;7,022;35,65
1657206165,701208;5,637;35,069
1657206165,75767;3,984;35,079
1657206165,81811;3,84;63,525
1657206165,9029398;4,182;35,083
1657206165,958729;2,74;34,556
1657206166,010879;4,034;38,725
1657206166,0682502;3,071;34,287
1657206166,119519;2,974;34,451
1657206166,182592;4,542;34,545
1657206166,233558;7,984;34,316
1657206166,289115;16,731;42,584
1657206166,365689;3,083;34,016
1657206166,426388;3,033;34,553
1657206166,478432;2,905;39,961
1657206166,537451;12,201;35,118
1657206166,603534;8,856;41,8
1657206166,670578;3,084;34,359
1657206166,720432;8,302;34,321
1657206166,780448;2,855;37,631
1657206166,83521;7,253;36,879
1657206166,894346;12,329;39,789
1657206166,963416;2,865;41,181
1657206167,025237;3,712;36,212
1657206167,080269;23,613;34,482
1657206167,158895;5,253;59,6
1657206167,244978;3,336;35,801
1657206167,304817;6,514;40,41
1657206167,36288;7,702;35,446
1657206167,417469;3,249;35,229
1657206167,481951;25,559;34,942
1657206167,556323;7,282;38,931
1657206167,620152;3,292;35,047
1657206167,675146;3,542;34,959
1657206167,7285929;3,652;40,289
1657206167,7849312;20,515;35,723
1657206167,858903;3,627;36,99
1657206167,910879;2,793;42,268
1657206167,96908;3,204;37,574
1657206168,022114;3,339;35,268
1657206168,081216;26,832;35,314
1657206168,166798;2,991;39,927
1657206168,226382;3,242;35,71
1657206168,2849169;13,478;36,063
1657206168,3525498;3,47;35,445
1657206168,408767;5,374;35,21
1657206168,462121;3,439;35,217
1657206168,512309;4,471;34,929
1657206168,563841;3,244;34,867
1657206168,614791;4,827;34,867
1657206168,666775;3,68;62,515
1657206168,7460248;9,656;39,979
1657206168,808436;4,725;39,197
1657206168,866996;3,514;35,044
1657206168,920299;6,167;35,079
1657206168,972847;4,792;35,336
1657206169,023297;4,573;37,413
1657206169,075973;42,616;44,246
1657206169,174345;3,42;35,147
1657206169,22528;3,73;34,887
1657206169,274953;3,721;35,479
1657206169,330496;4,37;35,194
1657206169,3840861;23,62;40,016
1657206169,463666;3,583;47,69
1657206169,531143;3,422;39,454
1657206169,587011;3,554;43,229
1657206169,6483042;3,431;37,042
1657206169,702751;6,917;90,476
1657206169,816214;59,378;34,403
1657206169,9247181;7,924;62,782
1657206170,047004;9,726;35,599
1657206170,1051378;3,605;35,397
1657206170,159287;3,348;35,523
1657206170,212165;3,639;34,867
1657206170,2642071;3,409;62,489
1657206170,3494122;6,433;35,027
1657206170,4143958;3,398;41,897
1657206170,481549;3,737;35,124
1657206170,5413492;5,767;35,148
1657206170,606359;3,415;35,166
1657206170,6659389;3,473;33,945
1657206170,723205;5,244;42,481
1657206170,789173;3,517;35,268
1657206170,8478599;3,87;37,584
1657206170,9102159;4,408;35,204
1657206170,968713;4,717;35,245
1657206171,029521;3,561;35,704
1657206171,087612;3,913;35,522
1657206171,145888;5,031;35,232
1657206171,198626;11,093;35,088
1657206171,258144;3,465;35,362
1657206171,314267;4,236;34,916
1657206171,371369;3,485;34,871
1657206171,4282591;3,401;35,084
1657206171,486531;19,13;35,5
1657206182,594752;3,439;34,872
1657206182,6638389;6,362;60,425
1657206182,746758;4,187;35,687
1657206182,807039;3,892;39,846
1657206182,87116;4,086;35,372
1657206182,9320462;3,683;45,594
1657206183,000891;2,964;35,062
1657206183,059229;3,455;37,564
1657206183,1195872;3,001;47,434
1657206183,190352;3,639;36,533
1657206183,2516549;3,43;35,288
1657206183,317693;3,762;35,377
1657206183,37628;3,672;35,54
1657206183,434088;9,286;34,949
1657206183,499629;3,502;36,264
1657206183,559082;5,128;63,648
1657206183,647632;3,485;36,098
1657206183,707521;5,186;35,692
1657206183,7684531;3,738;35,473
1657206183,8268318;3,63;37,311
1657206183,8858502;19,158;42,875
1657206183,9676821;3,657;35,198
1657206184,026678;3,36;35,022
1657206184,08267;3,505;35,949
1657206184,14204;3,428;36,444
1657206184,202008;5,907;35,163
1657206184,262793;3,512;34,804
1657206184,320543;3,659;35,505
1657206184,3798342;5,026;35,075
1657206184,4390159;3,797;35,546
1657206184,497182;8,068;35,128
1657206184,5610921;8,792;35,051
1657206184,625219;3,075;36,387
1657206184,6843772;3,427;34,962
1657206184,741268;3,581;46,295
1657206184,810372;3,454;41,127
1657206184,874403;10,154;39,582
1657206184,944206;4,22;35,229
1657206185,003992;4,395;35,161
1657206185,064042;4,311;60,883
1657206185,150162;3,481;34,551
1657206185,201625;4,308;34,962
1657206185,253505;5,581;35,329
1657206185,3099551;3,821;34,983
1657206185,369658;28,6;35,239
1657206185,45799;3,309;35,081
1657206185,513847;3,428;34,986
1657206185,5746748;3,191;36,867
1657206185,636363;3,298;34,645
1657206185,6893141;16,791;38,502
1657206185,764686;3,483;33,957
1657206185,821419;3,939;35,111
1657206185,8736808;3,604;35,922
1657206185,9334478;5,064;37,576
1657206185,993003;22,853;34,398
1657206186,060919;4,325;40,491
1657206186,119782;3,3;96,998
1657206186,234101;35,842;68,731
1657206186,356294;34,737;36,96
1657206186,445472;30,821;103,022
1657206186,596323;43,106;131,969
1657206186,793946;21,034;60,795
1657206186,893599;60,396;35,084
1657206187,012945;3,6;42,558
1657206187,076237;3,961;41,857
1657206187,139626;3,284;35,854
1657206187,194389;7,21;34,682
1657206187,259725;3,885;35,238
1657206187,319145;3,54;35,553
1657206187,378638;5,02;34,426
1657206187,4376929;3,64;36,777
1657206187,497668;12,427;35,492
1657206187,564619;3,648;35,301
1657206187,623004;6,602;35,928
1657206187,685405;3,38;34,942
1657206187,741798;8,579;38,123
1657206187,81235;10,721;38,318
1657206187,8766358;4,189;34,973
1657206187,930279;3,248;34,911
1657206187,9838421;3,819;35,023
1657206188,040396;3,682;35,354
1657206188,100437;3,445;41,976
1657206188,167337;10,326;50,733
1657206188,2469451;21,183;154,102
1657206188,445724;3,601;36,01
1657206188,502432;3,454;37,852
1657206188,5605278;11,779;35,233
1657206188,6299698;3,423;35,008
1657206188,6886568;16,776;35,56
1657206188,761801;7,293;59,283
1657206188,8503208;3,915;39,256
1657206188,913707;4,64;35,406
1657206188,973671;3,722;37,78
1657206189,034799;4,164;35,507
1657206189,093737;15,987;36,186
1657206189,167474;4,569;35,827
1657206189,227713;4,749;36,783
1657206189,2899818;4,67;34,732
1657206189,349678;3,993;35,405
1657206189,408361;4,208;35,356
1657206189,4668522;4,31;36,998
1657206189,529355;3,413;35,497
1657206189,588352;4,221;37,009
1657206189,6494238;2,695;35,349
1657206189,707244;5,833;35,693
1657206189,770371;3,42;42,987
1657206189,836731;3,492;36,667
1657206189,896781;6,17;35,651
1657206189,959711;3,94;63,003
1657206190,049025;14,964;35,803
1657206190,116813;6,301;36,273
1657206190,17342;3,82;48,729
1657206190,240747;4,028;35,038
1657206190,299746;9,374;34,991
1657206190,360233;4,398;35,662
1657206190,430946;3,103;34,651
1657206190,484722;2,958;34,287
1657206190,532584;3,938;35,246
1657206190,584009;29,75;34,936
1657206190,662611;10,198;35,509
1657206190,7294478;11,23;38,211
1657206190,80026;5,514;35,377
1657206190,859054;2,991;34,927
1657206190,916828;4,331;40,577
1657206190,9878242;4,352;35,183
1657206191,048922;2,907;35,007
1657206191,101343;3,037;37,08
1657206191,1772869;32,305;34,898
1657206191,258841;3,641;35,101
1657206191,321185;10,795;35,048
1657206191,402207;2,976;37,657
1657206191,464159;3,166;34,861
1657206191,5154848;3,066;33,608
1657206191,5678751;5,779;41,099
1657206191,634531;11,763;34,96
1657206191,6966112;2,288;36,584
1657206191,749702;3,094;36,272
1657206191,8022468;8,09;35,249
1657206191,860728;5,542;35,488
1657206191,917783;3,682;43,231
1657206191,9876611;3,739;35,092
1657206192,048104;4,115;35,861
1657206192,1107142;3,537;36,36
1657206192,173547;3,351;35,533
1657206192,231848;3,8;35,635
1657206192,2933068;3,623;34,954
1657206192,35274;3,472;40,146
1657206192,4159172;3,739;35,105
1657206192,473152;4,636;35,665
1657206192,535052;3,237;35,651
1657206192,586616;3,536;34,905
1657206192,6384451;3,456;35,059
1657206192,69435;15,849;35,193
1657206192,764083;4,516;40,997
1657206192,8314722;3,931;35,109
1657206192,892603;3,381;41,947
1657206192,9605849;9,964;57,711
1657206193,049443;3,56;37,184
1657206193,110934;3,573;34,939
1657206193,169625;5,045;40,54
1657206193,235484;3,401;35,237
1657206193,2914932;11,253;35,607
1657206193,361921;3,85;37,061
1657206193,4180338;3,99;35,88
1657206193,4791071;3,804;36,145
1657206193,542429;3,674;35,47
1657206193,602219;5,473;35,93
1657206193,663351;3,271;38,966
1657206193,725208;3,755;35,129
1657206193,783657;5,019;37,788
1657206193,8439848;3,37;35,916
1657206193,9031591;5,043;35,078
1657206193,9636748;3,57;37,017
1657206194,0244532;3,835;35,645
1657206194,084131;12,37;34,857
1657206194,147819;3,454;38,669
1657206194,204452;6,256;35,619
1657206194,261973;3,486;34,896
1657206194,3225548;3,924;35,439
1657206194,382177;3,62;45,917
1657206194,4512188;3,632;43,427
1657206194,5166452;9,303;35,207
1657206194,582518;4,352;38,975
1657206194,646476;4,772;35,108
1657206194,706217;4,732;37,018
1657206194,76863;3,263;39,453
1657206194,832296;3,461;35,097
1657206194,8899891;3,39;46,68
1657206194,960288;3,454;41,903
1657206195,027183;3,065;36,443
1657206195,079935;10,142;47,101
1657206195,1562822;2,822;34,581
1657206195,2124102;2,964;35,65
1657206195,268012;3,119;44,571
1657206195,334722;2,898;34,433
1657206195,387779;22,708;49,363
1657206195,475049;4,954;38,083
1657206195,53603;3,377;35,974
1657206195,594629;3,444;34,894
1657206195,653078;3,181;36,705
1657206195,714546;2,881;37,347
1657206195,7728078;2,829;34,776
1657206195,8372421;9,556;34,084
1657206195,893887;3,057;36,527
1657206195,9454908;2,981;35,836
1657206196,000792;7,812;35,041
1657206196,071288;3,165;34,287
1657206196,1235478;2,857;34,321
1657206196,176159;2,756;34,222
1657206196,226478;2,729;38,27
1657206196,2906182;17,23;36,088
1657206196,377839;2,916;35,177
1657206196,436915;4,314;36,428
1657206196,499249;10,942;34,987
1657206196,5662599;4,462;58,825
1657206196,6488802;19,412;35,33
1657206196,7236822;3,814;43,791
1657206196,789475;3,915;35,293
1657206196,847753;2,958;35,831
1657206196,905635;3,384;34,8
1657206196,96257;4,928;35,221
1657206197,022618;3,564;35,544
1657206197,0811892;4,382;34,897
1657206197,138695;2,453;34,819
1657206197,1874728;26,484;34,658
1657206197,264291;5,54;34,837
1657206197,321897;2,639;34,61
1657206197,373339;4,987;41,49
1657206197,440667;3,752;34,868
1657206197,494167;27,986;34,014
1657206197,570719;9,044;35,732
1657206197,6302688;3,483;38,662
1657206208,708828;3,867;59,465
1657206208,797128;12,352;36,653
1657206208,8674319;3,773;34,758
1657206208,930041;4,536;46,951
1657206209,0009248;5,02;36,428
1657206209,063665;4,81;59,336
1657206209,1490932;4,977;40,935
1657206209,217175;4,233;36,206
1657206209,2805362;3,5;35,447
1657206209,3433459;3,313;36,433
1657206209,399032;11,441;35,553
1657206209,466503;5,459;35,301
1657206209,526429;3,48;40,273
1657206209,589843;3,597;35,676
1657206209,6472561;3,368;37,326
1657206209,705411;9,667;90,949
1657206209,827286;3,89;37,216
1657206209,887291;3,523;35,161
1657206209,9467032;3,467;35,866
1657206210,0070322;3,46;38,147
1657206210,066219;5,18;37,412
1657206210,12396;3,866;37,126
1657206210,1821818;3,615;35,075
1657206210,2411919;3,467;35,266
1657206210,302231;4,439;34,814
1657206210,361834;3,376;36,453
1657206210,4201548;3,846;35,59
1657206210,477796;5,463;36,395
1657206210,542183;3,636;35,226
1657206210,598806;6,122;35,079
1657206210,6633348;3,726;44,169
1657206210,731477;3,738;37,008
1657206210,79529;4,133;35,619
1657206210,856739;3,437;72,332
1657206210,957024;3,255;35,087
1657206211,0163279;3,629;35,219
1657206211,0765219;2,554;40,294
1657206211,139381;3,342;35,248
1657206211,192152;17,678;37,66
1657206211,2627141;3,38;36,183
1657206211,319212;4,075;34,938
1657206211,3735821;3,451;35,776
1657206211,4346628;3,441;35,081
1657206211,495958;11,177;34,971
1657206211,563046;3,524;35,024
1657206211,622205;4,215;35,081
1657206211,6847901;3,654;49,063
1657206211,757813;3,627;37,8
1657206211,8190331;3,663;35,021
1657206211,876719;3,439;34,918
1657206211,9322891;3,948;35,01
1657206211,989066;3,848;35,624
1657206212,0476348;3,801;38,797
1657206212,1086788;20,703;36,117
1657206212,1844869;3,509;36,406
1657206212,245931;3,444;35,123
1657206212,305536;3,504;36,135
1657206212,367889;3,539;55,7
1657206212,448622;3,469;35,033
1657206212,506233;3,337;39,173
1657206212,567541;3,88;35,454
1657206212,6258738;5,602;37,594
1657206212,6885152;21,473;35,254
1657206212,760948;3,599;34,888
1657206212,8168051;3,779;35,325
1657206212,876414;3,625;34,999
1657206212,9339368;4,975;37,263
1657206212,994699;13,231;34,621
1657206213,061409;3,448;35,21
1657206213,1184971;3,742;40,412
1657206213,181288;3,607;35,093
1657206213,239059;14,375;35,321
1657206213,3079062;4,125;35,278
1657206213,361095;4,681;44,165
1657206213,4301739;3,656;35,434
1657206213,492248;3,312;43,768
1657206213,562151;3,427;66,097
1657206213,65101;4,551;34,764
1657206213,709374;3,592;34,895
1657206213,7674618;3,535;35,136
1657206213,8245308;4,956;35,672
1657206213,884244;23,3;35,06
1657206224,9788868;16,02;35,427
1657206225,053043;4,563;44,724
1657206225,121142;4,905;35,84
1657206225,178078;3,751;35,536
1657206225,237092;3,631;39,749
1657206225,2991302;4,265;35,095
1657206225,357808;5,544;65,022
1657206225,446906;4,603;34,766
1657206225,497476;3,665;35,069
1657206225,556511;6,436;34,605
1657206225,613288;3,471;48,151
1657206225,683098;29,004;34,906
1657206225,766345;3,605;37,691
1657206225,828522;15,319;35,17
1657206225,899172;3,711;35,302
1657206225,95612;4,602;36,367
1657206226,01524;4,012;34,955
1657206226,072491;3,699;34,88
1657206226,129787;3,682;36,765
1657206226,18611;24,771;36,889
1657206226,269888;3,391;64,122
1657206226,3536582;3,318;35,95
1657206226,415782;3,43;35,531
1657206226,471887;4,401;36,738
1657206226,532456;3,493;59,745
1657206226,6156;3,423;34,712
1657206226,672815;5,125;35,038
1657206226,7329779;3,392;36,009
1657206226,7901702;4,336;35,51
1657206226,8488908;3,821;36,363
1657206226,90643;3,72;36,1
1657206226,9640691;3,861;36,22
1657206227,0221062;3,568;35,19
1657206227,0793788;3,653;34,967
1657206227,13583;3,691;50,805
1657206227,2284858;2,739;186,01
1657206227,431099;43,004;58,729
1657206227,549103;2,964;38,998
1657206227,6162639;3,258;34,971
1657206227,6731389;3,312;35,681
1657206227,7323399;3,196;38,813
1657206227,786638;23,885;34,471
1657206227,862305;2,781;34,726
1657206227,9131148;3,042;34,614
1657206227,964106;2,796;34,324
1657206228,013675;3,17;34,605
1657206228,067894;5,671;36,359
1657206228,123378;3,271;40,986
1657206228,192929;10,006;34,33
1657206228,2580218;3,073;34,433
1657206228,315922;3,535;34,052
1657206228,378061;29,228;35,829
1657206228,46271;3,002;35,991
1657206228,5206091;5,28;35,193
1657206228,5808132;2,798;34,797
1657206228,637065;3,326;34,858
1657206228,696013;10,214;52,163
1657206228,7797189;13,29;37,297
1657206228,8527732;3,976;46,609
1657206228,924816;25,769;35,224
1657206229,012234;5,745;40,125
1657206229,0805461;13,871;33,785
1657206229,143457;3,339;35,552
1657206229,202528;3,144;35,814
1657206229,2617931;3,159;34,065
1657206229,317141;3,209;34,762
1657206229,377015;15,798;34,844
1657206229,447178;4,247;34,554
1657206229,506755;3,532;36,886
1657206229,567109;3,404;34,533
1657206229,617677;2,652;33,88
1657206229,6677089;27,761;35,497
1657206229,744481;3,845;34,835
1657206229,798215;4,279;35,384
1657206229,8523781;5,671;34,958
1657206229,910678;3,469;33,88
1657206229,961941;35,616;36,645
1657206230,048883;3,278;35,295
1657206230,1059608;2,605;35,378
1657206230,159651;3,575;37,753
1657206230,249013;3,513;65,08
1657206230,338506;7,083;39,104
1657206230,4064362;3,861;35,719
1657206230,4878411;3,576;40,84
1657206230,557821;2,27;50,315
1657206230,633066;3,279;37,102
1657206230,691658;3,804;33,822
1657206230,7812018;3,404;34,927
1657206230,8429928;3,494;38,848
1657206230,896287;3,697;41,932
1657206230,971722;3,212;36,212
1657206231,022878;3,137;35,14
1657206231,0820532;3,753;35,436
1657206231,135962;7,531;34,65
1657206231,1921978;2,742;35,04
1657206231,2451332;3,5;36,98
1657206231,298774;12,331;34,254
1657206231,3610828;9,58;35,983
1657206231,428092;3,391;35,264
1657206231,485901;8,717;35,093
1657206231,548494;3,316;35,092
1657206231,6040819;3,246;35,06
1657206231,6525152;3,15;34,881
1657206231,7022111;3,552;34,201
1657206231,758261;3,327;63,374
1657206231,835407;3,442;43,502
1657206231,895164;6,326;36,544
1657206231,9534929;3,596;35,455
1657206232,004483;4,697;35,373
1657206232,059586;3,194;59,569
1657206232,134602;3,347;35,856
1657206232,189544;4,597;36,821
1657206232,242476;4,512;37,116
1657206232,303188;4,114;36,284
1657206232,3622751;29,852;35,036
1657206232,447447;3,652;34,973
1657206232,504519;3,416;35,413
1657206232,5621219;3,59;35,133
1657206232,619564;3,286;35,197
1657206232,6767418;28,705;36,55
1657206232,756962;4,775;36,516
1657206232,816755;6,061;43,178
1657206232,8835042;5,249;36,22
1657206232,9393861;3,301;35,128
1657206232,994762;4,723;43,643
1657206233,0540302;4,481;45,88
1657206233,118173;3,623;36,043
1657206233,1761038;3,492;38,38
1657206233,237639;3,768;35,507
1657206233,2978501;3,805;40,161
1657206233,357725;3,821;34,532
1657206233,4158661;3,258;34,588
1657206233,474028;7,74;35,025
1657206233,5420449;2,483;34,106
1657206233,60094;3,433;35,147
1657206233,662164;3,061;37,017
1657206233,723454;3,56;35,301
1657206233,780732;3,484;34,728
1657206233,8382568;3,077;35,764
1657206233,8958452;9,364;39,071
1657206233,962626;3,346;35,294
1657206234,0171049;3,559;45,116
1657206234,088156;8,092;38,229
1657206234,1523929;32,752;45,541
1657206234,254464;5,528;44,763
1657206234,3258848;25,179;118,801
1657206234,49101;9,412;34,92
1657206234,5583072;92,27;115,709
1657206234,790594;178,973;123,091
1657206235,113527;95,845;196,009
1657206235,426202;128,605;167,688
1657206235,739944;221,048;263,059
1657206236,248872;125,65;53,369
1657206236,451086;52,672;155,999
1657206236,684999;86,312;50,976
1657206236,841481;60,312;131,795
1657206237,062262;260,455;315,153
1657206237,6642308;266,168;225,727
1657206238,176241;198,662;295,399
1657206238,691821;477,938;962,247
1657206240,1565099;272,744;387,508
1657206240,839801;423,976;839,079
1657206242,126026;1504,439;558,517
1657206244,21732;254,563;727,292
1657206245,221431;751,34;1439,339
1657206247,4377952;1258,575;746,208
1657206249,464274;863,471;1056,402
1657206251,4063628;1104,641;1403,104
1657206253,937479;583,028;678,179
1657206255,221646;609,654;372,088
1657206256,225017;60,663;45,61
1657206256,348177;6,914;33,924
1657206256,4061718;3,422;46,679
1657206256,4698281;3,733;34,762
1657206256,529542;3,785;34,94
1657206256,5891001;28,716;36,206
1657206256,6749592;2,379;35,285
1657206256,7322721;3,941;37,301
1657206256,793777;3,205;34,037
1657206256,850352;3,708;34,298
1657206256,907567;13,93;33,068
1657206256,977358;3,699;37,489
1657206257,037378;3,375;33,749
1657206257,094035;3,997;34,943
1657206257,1510022;3,529;33,605
1657206257,213462;3,326;35,326
1657206257,270881;5,498;34,235
1657206257,331199;8,12;34,64
1657206257,3880131;4,406;35,063
1657206257,4483058;3,811;35,263
1657206257,507956;4,084;35,299
1657206257,566599;4,502;34,953
1657206257,62538;3,896;34,323
1657206257,6840162;9,864;35,727
1657206257,751806;3,632;35,28
1657206257,8111382;3,459;33,874
1657206257,8697321;2,44;34,568
1657206257,924982;3,341;33,86
1657206257,992426;5,046;35,483
1657206258,048557;3,422;42,967
1657206258,108248;3,557;35,819
1657206258,159803;3,767;34,54
1657206258,211745;5,821;45,154
1657206258,276247;3,51;52,815
1657206258,3508852;3,179;40,627
1657206258,410913;3,97;35,098
1657206258,466635;2,922;34,523
1657206258,534549;2,564;34,963
1657206258,589123;4,79;37,832
1657206258,657042;2,363;68,565
1657206258,7583842;3,422;47,018
1657206258,8270028;4,619;34,21
1657206258,8843;2,512;36,992
1657206258,944372;3,653;35,016
1657206259,0005178;3,348;35,114
1657206259,059184;4,242;63,081
1657206259,143532;2,696;35,405
1657206259,202317;3,781;36,81
1657206259,2647629;2,513;36,531
1657206259,323624;4,609;35,751
1657206259,383156;22,48;34,767
1657206259,455733;3,435;34,288
1657206259,512227;3,394;49,871
1657206259,582612;3,567;38,672
1657206259,641078;3,634;36,057
1657206259,698894;6,438;35,097
1657206259,757919;4,157;34,902
1657206259,816968;3,975;46,823
1657206259,884177;3,42;34,69
1657206259,940311;63,807;38,784
1657206260,059318;7,158;34,294
1657206260,1241632;3,02;34,625
1657206260,176069;2,941;34,385
1657206260,2274508;1,663;37,409
1657206260,289981;15,047;33,713
1657206260,36025;1,796;36,675
1657206260,420646;3,16;34,781
1657206260,480124;3,241;72,452
1657206260,578372;29,118;61,512
1657206260,6912189;2,991;34,816
1657206260,7474618;2,252;46,791
1657206260,81536;2,908;39,842
1657206260,880994;21,614;36,212
1657206260,9662058;3,31;34,656
1657206261,033642;2,961;34,864
1657206261,0925388;4,665;35,045
1657206261,1494389;3,213;76,302
1657206261,245578;3,203;34,007
1657206261,296751;3,976;34,23
1657206261,352254;3,419;41,989
1657206261,416199;3,554;35,784
1657206261,475595;7,325;43,072
1657206261,5444942;3,809;35,325
1657206261,600257;3,252;34,589
1657206261,656349;3,697;36,417
1657206261,708392;3,434;35,566
1657206261,760396;31,114;45,043
1657206261,8529851;3,81;35,284
1657206261,910862;5,821;34,798
1657206261,970847;3,008;37,306
1657206262,032418;23,513;59,466
1657206262,136827;45,084;83,719
1657206262,284223;16,09;65,019
1657206262,3840919;73,621;304,986
1657206262,784956;151,989;37,55
1657206262,9958348;14,079;50,029
1657206263,08065;11,696;78,198
1657206263,194758;40,832;80,245
1657206263,3359501;7,864;55,743
1657206263,410469;86,557;212,452
1657206263,726444;113,152;34,844
1657206263,889807;30,745;58,363
1657206264,0009348;106,925;300,39
1657206264,4318862;24,594;117,517
1657206264,592532;23,711;137,639
1657206264,775116;29,555;40,563
1657206264,865491;3,889;89,891
1657206264,979712;37,525;56,517
1657206265,093445;110,002;119,073
1657206265,3457742;18,207;251,244
1657206265,632959;75,078;53,593
1657206265,770376;4,979;48,269
1657206265,830246;34,833;66,186
1657206265,936521;19,947;34,683
1657206265,9969122;13,667;51,785
1657206266,068244;69,578;139,979
1657206266,283495;31,558;149,346
1657206266,470022;14,8;72,323
1657206266,5632498;45,456;150,0
1657206266,7645109;22,577;94,24
1657206266,888084;35,452;42,992
1657206266,972252;58,076;53,847
1657206267,0895329;59,874;135,42
1657206267,293024;47,88;101,038
1657206267,464582;10,089;77,68
1657206267,572865;14,346;75,212
1657206267,6837661;18,915;68,54
1657206267,789933;8,411;68,546
1657206267,884782;89,74;47,047
1657206268,044112;49,354;44,545
1657206268,160151;11,259;64,82
1657206268,2571561;21,134;86,687
1657206268,387329;34,397;132,741
1657206268,574795;156,779;38,849
1657206268,795636;19,394;45,302
1657206268,876748;7,558;72,195
1657206268,977707;17,147;71,594
1657206269,0897548;20,07;57,23
1657206269,1862621;7,574;37,087
1657206269,252984;13,968;51,335
1657206269,3400278;8,527;78,75
1657206269,447695;7,287;51,115
1657206269,523825;16,784;87,73
1657206269,6504698;20,047;261,878
1657206269,9534001;20,858;210,128
1657206270,210173;83,359;102,659
1657206270,414571;163,578;76,562
1657206270,678198;24,474;62,644
1657206270,788098;13,253;60,994
1657206270,8836439;56,001;87,378
1657206271,054414;12,516;110,853
1657206271,199203;50,132;91,031
1657206271,355663;80,929;113,8
1657206271,5726871;20,02;71,669
1657206271,686091;7,975;105,308
1657206271,8194308;212,008;125,879
1657206272,1789382;70,426;116,017
1657206272,387232;20,568;37,005
1657206272,4662452;11,847;48,012
1657206272,5470521;9,317;81,12
1657206272,658862;86,03;125,355
1657206272,889974;11,738;152,482
1657206273,071487;11,095;125,444
1657206273,2239318;18,119;41,042
1657206273,2993479;75,278;102,966
1657206273,498722;14,983;62,955
1657206273,5979111;39,255;50,969
1657206273,705781;14,477;62,11
1657206273,80565;16,831;50,356
1657206273,895514;63,223;51,564
1657206274,032298;24,621;111,903
1657206274,1905642;18,07;163,765
1657206274,3922749;45,391;48,589
1657206274,4992;23,863;56,73
1657206274,602756;42,153;49,183
1657206274,71678;37,617;38,75
1657206274,814476;9,688;169,157
1657206275,01426;18,803;57,855
1657206275,1122031;74,817;78,844
1657206275,288012;47,504;107,168
1657206275,464797;22,929;114,888
1657206275,624646;43,874;101,591
1657206275,791719;40,507;180,8
1657206276,035337;70,623;141,777
1657206276,2689002;129,72;59,38
1657206276,4848409;4,175;75,081
1657206276,5850291;294,944;89,579
1657206276,993311;39,746;237,82
1657206277,27891;31,766;46,714
1657206277,3642392;18,197;53,762
1657206277,442393;5,358;150,757
1657206277,603553;14,288;76,955
1657206277,69985;132,839;43,544
1657206277,882926;47,642;150,214
1657206278,0995378;9,637;51,901
1657206278,182629;16,687;94,171
1657206278,313966;72,047;58,988
1657206278,462734;30,642;105,425
1657206278,613009;74,913;37,33
1657206278,749117;37,398;51,798
1657206278,862745;2,82;198,114
1657206279,0873768;38,178;72,453
1657206279,2208939;39,729;74,769
1657206279,3588989;43,938;34,141
1657206279,467198;3,29;52,739
1657206279,528919;83,468;97,381
1657206279,717534;17,884;54,997
1657206279,8043258;36,669;52,662
1657206279,909308;23,747;208,383
1657206280,157266;60,758;47,55
1657206280,2709792;87,979;66,069
1657206280,432808;18,33;102,547
1657206280,567473;72,076;69,652
1657206280,7226062;42,846;191,16
1657206280,966673;238,901;267,747
1657206281,48266;38,182;119,322
1657206281,650251;72,199;136,348
1657206281,871594;6,903;40,297
1657206281,933335;34,098;103,542
1657206282,090733;62,673;60,346
1657206282,231151;28,035;58,676
1657206282,3293629;32,127;34,781
1657206282,404624;103,209;76,839
1657206282,598295;10,256;67,003
1657206282,69103;42,081;62,272
1657206282,805086;20,464;140,764
1657206282,977031;119,888;73,196
1657206283,1877031;109,835;51,019
1657206283,361046;35,123;142,902
1657206283,5518348;59,419;91,866
1657206283,713418;15,761;50,327
1657206283,789237;20,712;94,65
1657206283,914772;48,007;120,1
1657206284,100377;71,981;128,27
1657206284,310216;133,234;149,175
1657206284,599881;18,133;105,261
1657206284,729296;18,385;222,498
1657206284,977105;2,873;36,474
1657206285,024222;15,615;34,686
1657206285,0810618;24,545;39,104
1657206285,150538;3,605;35,37
1657206285,195912;3,619;38,427
1657206285,244014;3,29;34,947
1657206285,288646;7,227;39,163
1657206285,3427598;3,727;34,763
1657206285,390493;13,022;36,429
1657206285,448023;3,724;35,217
1657206285,4929411;3,513;37,148
1657206285,54071;12,852;35,31
1657206285,5936399;3,548;38,685
1657206285,6404061;11,538;35,234
1657206285,691591;8,967;35,695
1657206285,741608;8,022;36,925
1657206285,7926369;3,161;34,678
1657206285,836075;2,597;34,386
1657206285,878431;3,256;34,294
1657206285,921577;5,748;34,045
1657206285,9677398;4,14;58,883
1657206286,03773;3,276;35,042
1657206286,083154;3,23;34,893
1657206286,128556;3,522;36,078
1657206286,1752472;3,299;37,598
1657206286,224278;3,684;35,037
1657206286,274702;29,118;60,095
1657206286,3706691;3,349;36,311
1657206286,418198;3,154;39,531
1657206286,46833;4,262;34,614
1657206286,515734;13,504;35,815
1657206286,573386;29,421;34,837
1657206286,646616;3,256;35,661
1657206286,694162;3,225;34,72
1657206286,740297;3,16;34,859
1657206286,786133;3,243;38,266
1657206286,836148;3,236;34,983
1657206286,882505;19,575;34,96
1657206286,946806;3,296;34,659
1657206286,995585;3,946;34,702
1657206287,045065;3,179;34,657
1657206287,091145;3,421;42,049
1657206287,143418;9,018;34,982
1657206287,1936371;12,719;34,699
1657206287,2470038;6,221;35,558
1657206287,294969;3,934;36,08
1657206287,3409731;3,314;43,083
1657206287,3956559;4,116;35,87
1657206287,4416409;14,283;35,12
1657206287,496871;6,132;34,589
1657206287,544569;3,282;34,909
1657206287,588862;3,946;35,575
1657206287,635041;12,608;35,527
1657206287,689769;9,839;35,433
1657206287,7411451;3,665;48,712
1657206287,799428;6,399;38,026
1657206287,8511019;3,157;35,433
1657206287,895648;7,423;35,666
1657206287,946032;4,794;34,538
1657206287,992199;3,065;42,687
1657206288,044074;3,13;44,935
1657206288,09976;6,964;34,426
1657206288,1486661;3,421;34,674
1657206288,1948302;3,199;43,012
1657206288,2516658;3,295;34,926
1657206288,302451;9,274;36,458
1657206288,3712041;32,763;40,879
1657206288,4531882;3,717;34,748
1657206288,4992058;3,523;36,632
1657206288,548177;3,128;34,041
1657206288,591488;3,292;34,625
1657206288,6362188;3,902;34,674
1657206288,6809862;26,077;34,702
1657206288,746782;5,69;35,041
1657206288,7923489;14,19;34,711
1657206288,846306;3,199;34,54
1657206288,890732;3,205;34,949
1657206288,936796;3,982;35,212
1657206288,9859688;3,275;34,777
1657206289,034902;3,205;34,652
1657206289,085403;15,88;48,377
1657206289,164489;5,596;34,384
1657206289,219085;11,473;34,601
1657206289,2801101;6,405;35,957
1657206300,354018;3,809;35,949
1657206300,41068;3,213;34,297
1657206300,461632;3,586;37,393
1657206300,517306;3,882;34,466
1657206300,570208;10,737;39,515
1657206300,6333299;4,079;43,534
1657206300,6950011;7,266;35,168
1657206300,75233;3,201;37,121
1657206300,8059158;2,983;34,791
1657206300,856947;20,76;39,948
1657206300,9321249;3,184;34,824
1657206300,985111;3,213;33,992
1657206301,036007;3,166;34,695
1657206301,088223;2,904;34,372
1657206301,137835;2,718;65,907
1657206301,2356422;3,972;35,485
1657206301,2879019;3,474;34,698
1657206301,339455;3,275;34,958
1657206301,3890529;4,039;35,123
1657206301,439971;3,372;67,954
1657206301,524791;4,476;48,625
1657206301,592318;3,284;35,081
1657206301,645084;3,662;34,972
1657206301,696877;3,378;37,093
1657206301,7518568;28,235;36,359
1657206301,8301592;3,346;35,366
1657206301,882127;3,237;61,284
1657206301,961406;3,035;34,985
1657206302,014812;3,088;36,059
1657206302,067869;10,258;39,847
1657206302,131093;5,16;35,257
1657206302,186333;2,994;38,195
1657206302,2417479;2,831;34,527
1657206302,291399;2,8;34,291
1657206302,341593;2,773;59,226
1657206302,416458;3,217;34,496
1657206302,468309;7,301;35,13
1657206302,525741;3,231;38,336
1657206302,580393;8,755;35,178
1657206302,6379368;3,24;61,41
1657206302,7175848;2,89;35,148
1657206302,768897;3,062;35,067
1657206302,819714;4,272;34,522
1657206302,872344;2,989;34,892
1657206302,924434;2,841;35,377
1657206302,976365;2,938;47,519
1657206303,0411599;6,765;36,419
1657206303,0989912;2,991;35,651
1657206303,151137;12,98;35,708
1657206303,214091;3,894;34,96
1657206303,266551;13,462;35,452
1657206303,3309062;3,995;35,528
1657206303,3837252;4,153;35,843
1657206303,436818;3,448;35,495
1657206303,4883819;3,661;35,684
1657206303,541506;3,431;57,02
1657206303,6170611;3,365;38,742
1657206303,6728761;3,483;34,93
1657206303,725555;3,547;36,727
1657206303,778039;3,463;36,897
1657206303,8313549;3,517;35,197
1657206314,9029708;13,774;35,224
1657206315,0307882;6,93;35,838
1657206315,087252;4,869;36,424
1657206315,142636;3,287;35,385
1657206315,1954849;3,449;34,946
1657206315,247679;3,441;35,956
1657206315,3001149;3,298;34,953
1657206315,351733;36,212;35,563
1657206315,440336;7,159;35,802
1657206315,496931;3,816;37,053
1657206315,551539;3,479;34,909
1657206315,604038;3,36;39,225
1657206315,6597278;25,839;35,861
1657206315,737615;3,943;37,249
1657206315,7918699;11,642;43,857
1657206315,862326;3,296;35,989
1657206315,9159958;3,217;35,168
1657206315,968193;17,786;34,893
1657206316,034687;3,689;35,245
1657206316,087341;3,229;34,66
1657206316,1399198;3,249;35,022
1657206316,190621;3,14;35,169
1657206316,2384908;3,146;35,218
1657206316,288136;3,358;35,069
1657206316,3382459;3,584;35,454
1657206316,388315;3,496;35,316
1657206316,441273;3,332;36,7
1657206316,494773;3,222;36,127
1657206316,547241;3,535;61,128
1657206316,624367;3,267;39,382
1657206316,681487;3,307;35,196
1657206316,734663;3,772;42,865
1657206316,79514;3,427;39,198
1657206316,850689;3,245;57,77
1657206316,924331;3,283;34,611
1657206316,977128;4,816;35,096
1657206317,031144;4,324;38,95
1657206317,088706;3,702;35,102
1657206317,141346;3,587;36,085
1657206317,193312;3,232;40,206
1657206317,249003;3,41;35,247
1657206317,301018;3,58;35,395
1657206317,3523688;3,705;35,179
1657206317,404177;4,642;35,249
1657206317,457356;32,185;35,188
1657206317,5408509;9,173;40,065
1657206317,603623;3,647;35,808
1657206317,6572318;4,081;34,92
1657206317,709688;4,176;35,305
1657206317,762754;23,508;36,054
1657206317,836787;3,457;35,14
1657206317,889239;3,85;34,615
1657206317,942016;3,352;34,997
1657206317,9929879;3,296;34,94
1657206318,0435572;3,246;66,938
1657206318,126464;3,637;35,154
1657206318,179901;3,366;37,068
1657206318,2350998;2,908;43,457
1657206318,294095;3,361;37,841
1657206318,3493571;4,596;57,226
1657206318,424942;4,633;34,753
1657206318,479753;3,68;35,5
1657206318,5332491;5,084;37,17
1657206318,588347;3,348;35,055
1657206318,641237;3,383;35,405
1657206318,693983;4,693;35,113
1657206318,763875;34,748;35,16
1657206318,8510349;3,605;34,798
1657206318,9033349;3,36;38,228
1657206318,957196;3,362;35,004
1657206319,010464;3,207;44,852
1657206319,07293;28,506;35,308
1657206319,152798;3,48;35,193
1657206319,2052412;3,699;34,789
1657206319,2572181;5,559;34,901
1657206319,311645;3,127;35,003
1657206319,362232;3,364;56,82
1657206319,4361448;3,766;35,601
1657206319,4903092;3,487;40,04
1657206319,546459;3,276;35,62
1657206319,599527;3,445;35,789
1657206319,652666;3,305;36,635
1657206319,706754;3,844;36,474
1657206319,761058;5,85;35,136
1657206319,816611;3,476;36,402
1657206319,869616;6,395;35,293
1657206319,925129;3,465;35,482
1657206319,9766269;20,709;34,755
1657206320,046124;3,296;34,602
1657206320,098902;3,279;35,018
1657206320,1507561;5,157;34,384
1657206320,204739;3,41;34,625
1657206320,25552;3,201;64,247
1657206320,335847;4,204;37,533
1657206320,391239;3,638;34,681
1657206320,442821;3,359;50,761
1657206320,5105689;3,214;35,066
1657206320,5618958;3,433;56,126
1657206320,635705;3,226;34,778
1657206320,68737;4,582;34,6
1657206320,73928;3,305;34,913
1657206320,789909;3,548;35,002
1657206320,843144;3,396;35,025
1657206320,896523;6,497;36,766
1657206320,9528801;3,656;34,685
1657206321,00447;3,644;40,583
1657206321,061621;3,137;46,044
1657206321,1251972;3,286;40,032
1657206321,1829581;20,899;35,06
1657206321,2487302;3,672;35,037
1657206321,297972;4,566;35,539
1657206321,348779;3,362;34,325
1657206321,399078;3,288;34,935
1657206321,44927;3,404;34,797
1657206321,500315;3,739;34,524
1657206321,550482;3,314;34,826
1657206321,600909;3,258;34,759
1657206321,651593;3,269;34,694
1657206321,702157;3,239;34,351
1657206321,752697;3,394;35,351
1657206321,803574;3,572;38,696
1657206321,859604;3,65;36,48
1657206321,913431;4,098;34,913
1657206321,965813;3,662;36,479
1657206322,019425;4,241;34,938
1657206322,072213;29,185;35,243
1657206322,151896;5,353;37,097
1657206322,2076411;3,59;35,146
1657206322,2597818;3,347;34,926
1657206322,3105102;3,354;34,451
1657206322,3624709;3,08;57,451
1657206322,4352992;3,734;35,126
1657206322,4884422;3,656;35,283
1657206322,54054;3,457;35,046
1657206322,5930681;3,147;34,805
1657206322,656605;2,237;62,391
1657206322,736193;3,202;34,695
1657206322,788102;3,481;35,01
1657206322,84019;3,636;34,769
1657206322,8920152;3,261;34,647
1657206322,9446568;3,206;34,691
1657206322,9951518;5,052;35,367
1657206323,050028;3,83;34,725
1657206323,101697;3,423;34,857
1657206323,153146;3,165;34,597
1657206323,204544;3,234;35,986
1657206323,2566679;5,434;61,34
1657206323,3379881;5,295;44,369
1657206323,4008892;3,294;35,013
1657206323,454762;3,562;41,781
1657206323,513803;3,392;35,856
1657206323,5709708;27,188;34,99
1657206323,647823;2,256;36,98
1657206323,700852;3,264;35,018
1657206323,7521942;3,773;35,151
1657206323,8041;3,421;35,448
1657206323,8565629;3,867;39,488
1657206323,912849;3,295;34,716
1657206323,966227;3,603;35,328
1657206324,018045;3,571;36,259
1657206324,070101;3,794;39,23
1657206324,126546;4,015;35,504
1657206324,180613;15,998;36,588
1657206324,2484689;3,53;35,07
1657206324,301267;6,394;39,307
1657206324,360981;3,529;35,672
1657206324,414277;4,785;35,144
1657206324,468288;29,29;35,14
1657206324,548516;6,854;36,364
1657206324,605972;3,009;35,368
1657206324,658438;3,211;35,215
1657206324,710756;3,246;40,375
1657206324,768901;28,209;34,978
1657206324,848753;3,513;46,244
1657206324,911809;13,072;34,953
1657206324,975224;3,29;36,56
1657206325,029047;3,676;36,633
1657206325,082259;14,612;35,09
1657206325,1464498;3,65;35,197
1657206325,2009332;3,625;35,175
1657206325,254399;4,414;41,729
1657206325,313715;4,235;35,039
1657206325,3670988;33,056;35,305
1657206325,450547;3,349;35,265
1657206325,503537;3,37;35,088
1657206325,556299;2,965;35,666
1657206325,6080918;3,455;34,457
1657206325,659345;4,194;61,04
1657206325,738584;3,3;39,565
1657206325,795691;3,44;38,809
1657206325,8512099;3,568;35,117
1657206325,902966;3,724;35,054
1657206325,9544718;3,022;36,45
1657206326,006067;4,846;35,085
1657206326,0591412;3,282;36,177
1657206326,111;4,541;35,704
1657206326,164874;3,711;35,69
1657206326,227485;4,036;36,198
1657206326,2800589;8,154;35,544
1657206326,3364549;3,413;37,871
1657206326,389529;3,242;38,067
1657206326,443766;21,021;35,037
1657206326,516376;3,293;39,623
1657206326,5752141;18,921;41,411
1657206326,649614;3,202;35,007
1657206326,701571;5,007;34,966
1657206326,7550359;3,456;35,005
1657206326,8065732;3,1;35,217
1657206326,8574662;4,65;69,004
1657206326,944643;3,295;35,523
1657206326,998593;3,27;37,689
1657206327,0535219;3,447;34,947
1657206327,105223;3,235;41,257
1657206327,1627362;4,079;55,599
1657206327,236116;3,774;35,392
1657206327,291285;39,649;40,784
1657206327,3867168;3,475;35,673
1657206327,439478;3,242;34,987
1657206327,491068;7,605;34,969
1657206327,547988;3,017;34,845
1657206327,5989928;3,225;34,898
1657206327,650818;3,218;34,832
1657206327,7026188;3,226;34,803
1657206327,7533162;3,22;37,607
1657206327,8076742;3,439;35,555
1657206327,859475;3,62;35,487
1657206327,912374;3,287;35,589
1657206327,966249;3,365;34,767
1657206328,016513;3,273;34,652
1657206328,066999;31,31;35,692
1657206328,147743;4,123;36,81
1657206328,204176;3,705;34,868
1657206328,2587268;4,214;36,822
1657206328,313456;3,749;35,434
1657206328,366786;31,952;41,478
1657206328,4560351;3,684;36,418
1657206328,510426;3,468;34,958
1657206328,563566;3,171;35,424
1657206328,615137;3,755;35,471
1657206328,669076;23,771;55,025
1657206328,763384;14,189;34,497
1657206328,828025;3,456;34,945
1657206328,879379;3,469;34,879
1657206328,930004;3,293;34,755
1657206328,981705;3,265;35,282
1657206329,032116;3,406;34,998
1657206329,083019;3,743;35,717
1657206329,135335;3,239;35,658
1657206329,1895192;3,223;34,756
1657206329,241009;5,233;47,502
1657206329,307105;3,421;40,531
1657206329,365067;14,839;36,501
1657206329,4313338;4,102;36,025
1657206329,4850612;3,399;51,514
1657206329,553848;4,068;39,909
1657206329,612273;3,271;34,82
1657206329,664703;15,865;34,998
1657206329,729368;3,251;79,179
1657206329,826451;9,657;51,439
1657206329,903019;3,487;35,043
1657206329,955877;21,047;34,747
1657206330,026434;3,245;34,557
1657206330,077648;3,182;36,275
1657206330,129353;3,337;38,526
1657206330,185055;9,055;34,769
1657206330,243156;3,445;58,391
1657206330,319055;3,584;34,87
1657206330,372534;3,261;35,114
1657206330,425142;4,445;35,309
1657206330,477377;3,704;35,544
1657206330,5294669;4,064;35,937
1657206330,583631;3,632;40,459
1657206330,6422331;3,533;35,156
1657206330,6968472;3,743;34,761
1657206330,748706;3,244;35,063
1657206330,799459;11,142;35,801
1657206330,860398;17,295;34,941
1657206330,926947;3,245;34,674
1657206330,978762;3,247;35,539
1657206331,030197;3,343;34,783
1657206331,080647;3,21;34,816
1657206331,130989;3,881;37,163
1657206331,1886861;8,947;35,208
1657206331,251629;2,826;34,607
1657206331,30108;3,063;37,913
1657206331,353558;3,797;35,144
1657206331,4036312;3,848;36,458
1657206331,456278;21,825;37,701
1657206331,530638;4,364;35,158
1657206331,5846279;4,005;35,317
1657206331,6377048;4,118;35,053
1657206331,691058;3,74;37,828
1657206331,746539;27,117;35,087
1657206331,822397;4,495;34,65
1657206331,8755462;3,247;34,745
1657206331,926738;8,247;35,805
1657206331,984535;4,62;39,336
1657206332,041184;3,305;57,203
1657206332,115969;4,088;41,204
1657206332,176102;3,405;35,179
1657206332,229397;7,351;34,244
1657206332,284915;3,315;34,975
1657206332,336202;3,504;63,588
1657206332,416071;3,267;40,776
1657206332,473313;3,605;34,889
1657206332,526155;4,126;41,979
1657206332,584636;3,56;40,121
1657206332,643126;34,432;35,889
1657206332,7306309;4,169;40,045
1657206332,7950778;3,812;35,92
1657206332,8492942;5,513;35,887
1657206332,903616;7,814;36,441
1657206332,961783;18,634;34,948
1657206333,0300648;3,453;34,575
1657206333,081697;3,231;34,79
1657206333,139464;4,222;51,252
1657206333,209259;3,255;36,086
1657206333,267672;13,711;35,048
1657206333,329674;3,454;34,404
1657206333,380982;2,894;34,279
1657206333,430975;3,346;38,384
1657206333,4861188;3,589;43,187
1657206333,551113;27,817;35,615
1657206333,630838;4,021;35,358
1657206333,679606;3,409;35,368
1657206333,727365;3,416;38,992
1657206333,778427;4,564;38,659
1657206333,83091;3,453;37,0
1657206333,880844;4,121;37,699
1657206333,931338;3,204;35,21
1657206333,976386;3,744;36,804
1657206334,024031;3,639;35,119
1657206334,070091;3,327;42,834
1657206334,124614;3,201;43,031
1657206334,179729;9,674;34,902
1657206334,234146;3,137;35,065
1657206334,281646;5,274;35,7
1657206334,331595;4,605;35,277
1657206334,380217;13,754;35,06
1657206334,438132;3,249;65,326
1657206334,515987;3,616;35,517
1657206334,5643551;3,449;34,847
1657206334,612032;4,44;35,552
1657206334,661977;5,612;35,414
1657206334,712846;3,697;36,4
1657206334,7693388;10,418;35,465
1657206334,8250399;3,688;35,779
1657206334,875361;3,629;36,282
1657206334,926274;3,696;36,105
1657206334,978845;3,729;37,549
1657206335,0338318;3,81;35,407
1657206335,085262;3,283;34,988
1657206335,134194;3,624;35,667
1657206335,183208;3,477;35,418
1657206335,232296;2,236;35,758
1657206335,282273;4,048;35,726
1657206335,3348732;4,034;34,88
1657206335,3851671;3,303;35,069
1657206335,436316;4,096;40,715
1657206335,4946089;3,5;35,354
1657206335,547054;3,112;34,918
1657206335,598353;3,24;38,528
1657206335,654413;22,932;35,213
1657206335,7285912;3,742;35,189
1657206335,78091;3,157;35,756
1657206335,829126;3,499;35,188
1657206335,8905752;3,407;63,391
1657206335,965386;3,563;34,849
1657206336,0130932;3,393;36,775
1657206336,0649211;3,597;35,671
1657206336,119456;6,531;35,044
1657206336,176192;3,176;34,923
1657206336,224683;3,251;35,233
1657206336,282901;6,976;37,689
1657206336,339516;4,035;36,181
1657206336,394942;3,741;35,057
1657206336,446423;5,247;35,71
1657206336,5054379;4,204;35,362
1657206336,5625448;8,444;35,268
1657206336,6230059;6,552;36,162
1657206336,679989;4,972;35,653
1657206336,742081;4,716;48,879
1657206336,8169038;3,421;36,087
1657206336,87764;8,978;35,839
1657206336,948807;3,422;35,233
1657206337,012633;3,677;46,536
1657206337,0881228;3,969;42,381
1657206337,159177;3,449;34,639
1657206337,21733;2,599;35,301
1657206337,279139;2,622;35,11
1657206337,337584;9,803;35,636
1657206337,4008179;9,771;35,159
1657206337,460618;3,905;37,335
1657206337,52578;4,111;45,757
1657206337,5971751;4,253;44,152
1657206337,6698189;4,21;35,569
1657206337,727038;2,935;35,185
1657206337,780726;3,919;53,659
1657206337,855962;41,677;39,912
